ID,Building,Year of sale,Month of sale,Type of property,Property #,Area (ft.),Price,Status,Customer ID,Entity,Name,Surname,Age at time of purchase,Interval,Y,M,D,Gender,Country,State,Purpose,Deal satisfaction,Mortgage,Source
1030,1,2005,11,Apartment,30,743.09," $246,172.68 ", Sold ,C0028,Individual,Madalyn,Mercer,19,18-25,1986,6,21,F,USA,California,Home,5,No,Website
1029,1,2005,10,Apartment,29,756.21," $246,331.90 ", Sold ,C0027,Individual,Lara,Carrillo,22,18-25,1983,2,24,F,USA,California,Home,5,No,Website
2002,2,2007,7,Apartment,2,587.28," $209,280.91 ", Sold ,C0112,Individual,Donavan,Flowers,22,18-25,1985,12,27,M,USA,California,Home,1,Yes,Client
2031,2,2007,12,Apartment,31,1604.75," $452,667.01 ", Sold ,C0160,Individual,Darien,Dorsey,22,18-25,1985,12,27,M,USA,California,Investment,3,Yes,Website
1049,1,2004,11,Apartment,49,1375.45," $467,083.31 ", Sold ,C0014,Individual,Alessandra,Perry,25,18-25,1979,5,15,F,USA,California,Home,4,No,Agency
3011,3,2007,9,Apartment,11,675.19," $203,491.85 ", Sold ,C0125,Individual,Kaitlin,Owen,26,26-35,1981,12,26,F,USA,Virginia,Investment,5,No,Client
3026,3,2007,9,Apartment,26,670.89," $212,520.83 ", Sold ,C0125,Individual,Kaitlin,Owen,26,26-35,1981,12,26,F,USA,Virginia,Investment,5,No,Agency
3023,3,2008,1,Apartment,23,720.81," $198,591.85 ", Sold ,C0166,Individual,Terry,Forbes,26,26-35,1982,5,27,M,USA,California,Home,5,No,Client
1031,1,2006,6,Apartment,31,782.25," $265,467.68 ", Sold ,C0034,Individual,Kole,Shannon,27,26-35,1979,6,27,M,USA,Arizona,Home,2,Yes,Website
4023,4,2006,3,Apartment,23,794.52," $235,633.26 ", Sold ,C0170,Individual,Emmy,Singh,27,26-35,1979,12,3,F,USA,Virginia,Investment,3,Yes,Agency
1036,1,2004,10,Apartment,36,1160.36," $317,473.86 ", Sold ,C0009,Individual,Arabella,Ferrell,28,26-35,1976,8,17,F,USA,Oregon,Home,1,No,Agency
1046,1,2006,8,Apartment,46,1942.50," $503,790.23 ", Sold ,C0041,Individual,Christian,Costa,26,26-35,1980,9,14,M,USA,California,Home,5,No,Website
4035,4,2007,10,Apartment,35,794.52," $217,786.38 ", Sold ,C0057,Individual,Michelle,Cameron,29,26-35,1978,6,4,F,USA,Nevada,Home,3,Yes,Website
2036,2,2006,11,Apartment,36,1109.25," $460,001.26 ", Sold ,C0061,Individual,Enrique,Cardenas,29,26-35,1977,6,10,M,USA,California,Home,2,No,Website
2056,2,2007,4,Apartment,56,1400.95," $460,001.26 ", Sold ,C0089,Individual,Amanda,Simon,29,26-35,1978,12,3,F,USA,California,Home,5,No,Agency
1047,1,2007,12,Apartment,47,1479.72," $448,134.27 ", Sold ,C0159,Individual,Kamden,Stewart,29,26-35,1978,9,14,M,USA,California,Home,5,No,Website
5051,5,2006,3,Apartment,51,790.54," $249,591.99 ", Sold ,C0171,Individual,Skylar,Buchanan,29,26-35,1977,12,25,M,USA,Nevada,Home,4,Yes,Website
2007,2,2006,8,Apartment,7,723.93," $196,142.19 ", Sold ,C0042,Individual,Michael,Juarez,30,26-35,1976,12,25,M,USA,Colorado,Home,4,Yes,Agency
3020,3,2007,4,Apartment,20,781.07," $258,572.48 ", Sold ,C0093,Individual,Antonio,Porter,30,26-35,1977,1,8,M,USA,Arizona,Home,5,No,Client
3029,3,2007,4,Apartment,29,1127.76," $310,831.21 ", Sold ,C0093,Individual,Antonio,Porter,30,26-35,1977,1,8,M,USA,Arizona,Home,3,No,Client
3015,3,2006,10,Apartment,15,720.70," $207,281.59 ", Sold ,C0051,Individual,Conner,Huff,31,26-35,1975,3,22,M,USA,Nevada,Home,5,No,Website
2004,2,2006,12,Apartment,4,649.69," $168,834.04 ", Sold ,C0064,Individual,Joaquin,Mullins,31,26-35,1975,10,5,M,USA,California,Investment,5,No,Agency
2006,2,2006,12,Apartment,6,1307.45," $396,973.83 ", Sold ,C0064,Individual,Joaquin,Mullins,31,26-35,1975,10,5,M,USA,California,Investment,5,No,Agency
5013,5,2007,9,Apartment,13,618.38," $188,743.11 ", Sold ,C0128,Individual,Kyla,Walker,31,26-35,1976,2,26,F,USA,Colorado,Home,4,Yes,Agency
1026,1,2005,3,Apartment,26,625.80," $179,674.08 ", Sold ,C0019,Individual,Victor,Jensen,32,26-35,1973,9,1,M,USA,California,Home,4,No,Website
2054,2,2006,6,Apartment,54,1203.29," $306,363.64 ", Sold ,C0037,Individual,Tyler,Carr,32,26-35,1974,3,27,M,USA,California,Home,5,Yes,Client
3033,3,2007,9,Apartment,33,670.89," $200,300.63 ", Sold ,C0127,Individual,Maia,Chandler,32,26-35,1975,8,12,F,USA,Utah,Home,1,Yes,Website
1025,1,2005,3,Apartment,25,1434.09," $382,041.13 ", Sold ,C0018,Individual,Rodrigo,Ramirez,33,26-35,1972,3,26,M,USA,California,Home,1,No,Agency
3027,3,2006,8,Apartment,27,781.07," $245,572.79 ", Sold ,C0040,Individual,Gianni,Fritz,33,26-35,1973,9,15,M,USA,California,Home,3,No,Website
3031,3,2007,3,Apartment,31,1596.35," $407,214.29 ", Sold ,C0080,Individual,Janelle,Espinoza,33,26-35,1974,12,25,F,USA,California,Investment,4,No,Client
2043,2,2007,4,Apartment,43,1110.32," $355,073.40 ", Sold ,C0083,Individual,Julio,Leonard,33,26-35,1974,7,18,M,USA,Nevada,Home,2,Yes,Website
3034,3,2007,4,Apartment,34,781.07," $256,821.64 ", Sold ,C0085,Individual,Melanie,Holland,33,26-35,1974,12,25,F,USA,California,Investment,3,No,Client
3016,3,2007,4,Apartment,16,697.89," $226,342.80 ", Sold ,C0091,Individual,Gordon,Brown,33,26-35,1974,2,10,M,UK,Arizona,Investment,4,No,Agency
1018,1,2004,10,Apartment,18,625.80," $191,389.87 ", Sold ,C0007,Individual,Jaelyn,Berger,34,26-35,1970,5,5,F,USA,California,Home,3,No,Website
2050,2,2006,9,Apartment,50,957.53," $297,008.97 ", Sold ,C0048,Individual,Adriana,Shaffer,34,26-35,1972,7,11,F,USA,California,Investment,2,No,Agency
2044,2,2007,1,Apartment,44,722.96," $250,773.15 ", Sold ,C0065,Individual,Mara,Franco,34,26-35,1973,6,7,F,USA,California,Home,5,Yes,Agency
3039,3,2007,5,Apartment,39,923.21," $312,211.14 ", Sold ,C0096,Individual,Kael,Hurley,34,26-35,1973,12,15,M,USA,Colorado,Home,3,No,Website
3053,3,2007,12,Apartment,53,670.24," $190,119.50 ", Sold ,C0164,Individual,Belinda,Hogan,34,26-35,1973,8,18,F,USA,California,Home,1,Yes,Agency
2041,2,2006,7,Apartment,41,785.48," $225,050.52 ", Sold ,C0038,Individual,Mohammad,Irwin,35,26-35,1971,12,2,M,USA,California,Home,1,No,Website
5035,5,2008,5,Apartment,35,798.28," $261,742.74 ", Sold ,C0087,Individual,Warren,Pugh,35,26-35,1973,7,17,M,USA,Arizona,Investment,5,No,Website
4005,4,2007,11,Apartment,5,1121.95," $344,530.89 ", Sold ,C0142,Individual,Kassidy,Vega,35,26-35,1972,5,7,F,USA ,California,Home,5,No,Website
1032,1,2005,1,Apartment,32,782.25," $215,410.28 ", Sold ,C0015,Individual,Lauryn,Patrick,36,36-45,1969,10,30,F,Belgium,,Home,2,No,Agency
3046,3,2007,8,Apartment,46,923.21," $252,185.99 ", Sold ,C0122,Individual,Brock,Fischer,36,36-45,1971,5,29,M,USA,Kansas,Home,3,No,Website
1041,1,2005,3,Apartment,41,1434.09," $480,545.81 ", Sold ,C0017,Individual,Memphis,Mcconnell,37,36-45,1968,8,25,M,USA,California,Home,2,Yes,Website
1012,1,2005,3,Apartment,12,1160.36," $300,385.62 ", Sold ,C0020,Individual,Grant,Weber,37,36-45,1968,9,8,M,USA,California,Home,5,Yes,Website
5033,5,2008,5,Apartment,33,798.28," $240,539.35 ", Sold ,C0086,Individual,Jace,Riggs,37,36-45,1971,8,20,F,USA,California,Home,1,No,Website
4006,4,2006,7,Apartment,6,733.19," $222,138.72 ", Sold ,C0150,Individual,Emmett,Estes,37,36-45,1969,6,5,M,USA ,California,Home,3,No,Website
5040,5,2007,12,Apartment,40,798.28," $228,410.05 ", Sold ,C0156,Individual,Isis,Rios,37,36-45,1970,4,1,M,USA,California,Investment,4,No,Website
4013,4,2007,1,Apartment,13,733.19," $197,053.51 ", Sold ,C0169,Individual,Mason,Gilbert,37,36-45,1970,7,31,M,USA,Colorado,Home,2,No,Agency
1003,1,2005,6,Office,3,717.05," $193,660.62 ", Sold ,C0022,Individual,Zain,Horne,38,36-45,1967,4,13,M,USA,Arizona,Home,1,Yes,Website
2009,2,2007,3,Apartment,9,747.50," $237,060.15 ", Sold ,C0072,Individual,Dayton,Hatfield,38,36-45,1969,4,19,M,USA,Colorado,Investment,4,Yes,Agency
4024,4,2007,11,Apartment,24,1121.95," $372,001.70 ", Sold ,C0136,Individual,Annabel,Robles,38,36-45,1969,10,14,F,USA,California,Home,5,Yes,Website
4012,4,2007,11,Apartment,12,1121.95," $290,031.26 ", Sold ,C0149,Individual,Kayden,Olsen,38,36-45,1969,10,17,F,USA,California,Home,5,No,Website
1035,1,2004,10,Apartment,35,827.87," $238,811.06 ", Sold ,C0011,Individual,Davion,Stout,39,36-45,1965,7,20,M,USA,Nevada,Home,1,Yes,Agency
2017,2,2007,3,Apartment,17,747.50," $199,054.20 ", Sold ,C0073,Individual,Kevin,Mata,39,36-45,1968,10,12,M,USA,Colorado,Investment,2,No,Agency
4051,4,2007,3,Apartment,51,1608.84," $496,266.41 ", Sold ,C0110,Individual,Kareem,Liu,39,36-45,1968,5,11,F,USA,California,Home,4,Yes,Website
3014,3,2007,7,Apartment,14,1132.06," $346,906.89 ", Sold ,C0111,Individual,Grace,Stein,39,36-45,1968,12,20,F,USA,California,Home,3,Yes,Website
2051,2,2007,9,Apartment,51,1383.84," $376,964.62 ", Sold ,C0123,Individual,Lydia,Tate,39,36-45,1968,8,14,F,USA,California,Home,3,Yes,Website
2025,2,2007,2,Apartment,25,927.83," $315,733.15 ", Sold ,C0070,Individual,Aleksandra,Karenina,40,36-45,1967,6,13,F,Russia,,Home,1,No,Agency
3047,3,2007,3,Apartment,47,669.16," $188,273.73 ", Sold ,C0075,Individual,Sincere,Hansen,40,36-45,1967,1,19,F,USA,California,Investment,2,Yes,Agency
2046,2,2007,3,Apartment,46,928.16," $253,831.02 ", Sold ,C0076,Individual,Luke,Lynn,40,36-45,1967,2,7,M,USA,California,Home,2,Yes,Agency
5016,5,2007,6,Apartment,16,798.50," $278,575.87 ", Sold ,C0105,Individual,Myla,Ewing,40,36-45,1967,2,3,F,USA,Oregon,Investment,2,No,Client
4041,4,2007,10,Apartment,41,1305.62," $402,081.80 ", Sold ,C0135,Individual,Morgan,Glass,40,36-45,1967,5,12,M,USA,Utah,Home,5,No,Agency
4018,4,2007,11,Apartment,18,1121.95," $310,832.59 ", Sold ,C0153,Individual,Camille,Sharp,40,36-45,1967,10,17,F,USA,California,Home,5,No,Website
2005,2,2006,9,Apartment,5,785.48," $257,183.48 ", Sold ,C0047,Individual,Alejandra,Greer,41,36-45,1965,1,11,F,Denmark,,Investment,1,No,Agency
2010,2,2006,11,Apartment,10,927.08," $326,885.34 ", Sold ,C0060,Individual,Valentina,Simpson,41,36-45,1965,1,24,F,USA,California,Home,4,Yes,Agency
2022,2,2007,1,Apartment,22,1109.25," $344,568.74 ", Sold ,C0066,Individual,Helen,Williamson,41,36-45,1966,2,26,F,USA,Colorado,Home,5,Yes,Agency
2047,2,2007,2,Apartment,47,649.80," $214,631.68 ", Sold ,C0068,Individual,Nicolas,Navarro,41,36-45,1966,6,17,M,USA,Oregon,Investment,3,No,Agency
2012,2,2007,4,Apartment,12,785.48," $237,207.68 ", Sold ,C0090,Individual,Case,Sanchez,41,36-45,1966,5,26,F,USA,California,Home,5,No,Website
3038,3,2007,5,Apartment,38,1596.35," $464,549.19 ", Sold ,C0095,Individual,Rodrigo,Robinson,41,36-45,1966,8,11,M,USA,California,Home,4,No,Website
4030,4,2007,11,Apartment,30,1121.95," $310,577.04 ", Sold ,C0151,Individual,Iris,Larsen,41,36-45,1966,9,14,M,USA,California,Home,4,Yes,Agency
3017,3,2007,12,Apartment,17,743.41," $205,098.21 ", Sold ,C0162,Individual,Araceli,Nelson,41,36-45,1966,9,14,M,Germany,California,Investment,5,No,Agency
1045,1,2004,10,Apartment,45,756.21," $248,525.12 ", Sold ,C0010,Individual,Trystan,Oconnor,42,36-45,1962,11,26,M,USA,California,Home,1,No,Website
2040,2,2006,10,Apartment,40,649.80," $224,463.87 ", Sold ,C0054,Individual,Erik,Mora,42,36-45,1964,12,7,M,USA,Oregon,Investment,5,No,Agency
2042,2,2006,11,Apartment,42,785.48," $220,606.28 ", Sold ,C0056,Individual,Emely,Watts,42,36-45,1964,11,30,F,USA,California,Home,4,No,Website
2048,2,2007,3,Apartment,48,785.48," $220,865.00 ", Sold ,C0081,Individual,Jordyn,Park,42,36-45,1965,4,4,M,USA,Nevada,Investment,3,Yes,Website
3049,3,2007,4,Apartment,49,1283.45," $338,181.18 ", Sold ,C0084,Individual,Diego,Mendez,42,36-45,1965,5,12,M,Mexico,,Home,3,No,Agency
1017,1,2005,2,Apartment,17,1434.09," $432,679.91 ", Sold ,C0016,Individual,Harley,Lucero,43,36-45,1962,8,10,M,USA,California,Home,1,Yes,Website
1039,1,2006,6,Apartment,39,782.25," $196,220.05 ", Sold ,C0035,Individual,Emilie,Morrison,49,46-55,1957,10,29,F,USA,California,Home,3,Yes,Website
2049,2,2006,11,Apartment,49,1288.62," $323,915.81 ", Sold ,C0062,Individual,Jaylen,Turner,43,36-45,1963,7,15,F,USA,California,Home,4,No,Agency
3054,3,2007,5,Apartment,54,781.07," $200,719.02 ", Sold ,C0099,Individual,Frank,Meyer,43,36-45,1964,3,16,M,USA,California,Home,2,No,Agency
3055,3,2007,5,Apartment,55,1222.34," $380,809.52 ", Sold ,C0099,Individual,Frank,Meyer,43,36-45,1964,3,16,M,USA,California,Home,3,Yes,Agency
3042,3,2007,7,Apartment,42,781.07," $213,942.56 ", Sold ,C0114,Individual,Jakobe,Bailey,43,36-45,1964,10,6,M,UK,California,Investment,4,No,Agency
1038,1,2004,8,Apartment,38,743.09," $207,581.43 ", Sold ,C0006,Individual,Laci,Guerra,48,46-55,1956,6,17,F,USA,California,Home,2,Yes,Website
2020,2,2006,10,Apartment,20,785.48," $241,671.52 ", Sold ,C0053,Individual,Scarlet,Hendricks,44,36-45,1962,1,20,F,USA,California,Home,5,Yes,Website
2014,2,2007,2,Apartment,14,1109.25," $336,695.25 ", Sold ,C0069,Individual,Alonso,Terrell,44,36-45,1963,11,5,M,USA,California,Investment,4,No,Website
3001,3,2007,8,Apartment,1,579.75," $171,262.65 ", Sold ,C0069,Individual,Alonso,Terrell,44,36-45,1963,11,5,M,USA,California,Investment,5,No,Website
3043,3,2007,11,Apartment,43,1128.40," $299,159.14 ", Sold ,C0069,Individual,Alonso,Terrell,44,36-45,1963,11,5,M,USA,California,Home,5,No,Website
2016,2,2007,3,Apartment,16,701.66," $212,265.67 ", Sold ,C0077,Individual,Hazel,Ayers,44,36-45,1963,2,1,M,USA,Colorado,Home,2,No,Website
4049,4,2008,1,Apartment,49,1336.93," $388,515.14 ", Sold ,C0168,Individual,Brisa,Mckee,44,36-45,1964,9,24,F,USA,California,Home,5,No,Client
4022,4,2007,8,Apartment,22,794.52," $263,790.81 ", Sold ,C0058,Individual,Johanna,Fisher,45,36-45,1962,8,25,F,USA,California,Home,4,Yes,Website
3059,3,2007,6,Apartment,59,1171.55," $367,976.46 ", Sold ,C0107,Individual,Curtis,Howard,45,36-45,1962,9,11,M,USA,California,Home,2,No,Agency
4034,4,2007,10,Apartment,34,794.52," $243,052.59 ", Sold ,C0131,Individual,Kamila,Collier,45,36-45,1962,1,21,F,USA,California,Home,1,Yes,Website
5027,5,2007,11,Apartment,27,798.28," $269,075.30 ", Sold ,C0144,Individual,Joseph,Reeves,45,36-45,1962,9,23,M,USA,California,Investment,5,No,Website
5028,5,2007,11,Apartment,28,798.28," $223,577.32 ", Sold ,C0144,Individual,Joseph,Reeves,45,36-45,1962,9,23,M,USA,California,Investment,5,No,Website
2026,2,2006,9,Apartment,26,649.80," $198,075.99 ", Sold ,C0048,Individual,Adriana,Shaffer,47,46-55,1959,9,28,F,USA,Utah,Investment,1,No,Client
3022,3,2007,5,Apartment,22,1137.44," $354,553.23 ", Sold ,C0098,Individual,Oswaldo,Palmer,47,46-55,1960,6,16,M,USA,California,Home,2,No,Website
2024,2,2005,6,Apartment,24,1604.75," $456,919.46 ", Sold ,C0130,Individual,Ezra,Lozano,47,46-55,1958,2,24,M,USA,California,Home,1,No,Website
3003,3,2007,11,Apartment,3,675.19," $233,142.80 ", Sold ,C0141,Individual,Melany,Glover,47,46-55,1960,10,1,F,USA,California,Investment,1,Yes,Agency
2011,2,2007,1,Apartment,11,649.69," $225,401.62 ", Sold ,C0067,Individual,Jacqueline,Grant,48,46-55,1959,11,13,F,USA,California,Home,4,No,Website
2028,2,2007,4,Apartment,28,785.48," $195,153.16 ", Sold ,C0082,Individual,Violet,Nixon,48,46-55,1959,1,1,F,USA,Oregon,Investment,5,No,Client
3028,3,2007,7,Apartment,28,781.07," $206,631.81 ", Sold ,C0113,Individual,Anya,Stephenson,48,46-55,1959,6,11,F,USA,California,Home,4,No,Website
3036,3,2007,10,Apartment,36,1127.76," $358,525.59 ", Sold ,C0132,Individual,Kale,Gay,48,46-55,1959,4,7,M,USA,California,Home,4,Yes,Agency
4010,4,2007,11,Apartment,10,794.52," $223,917.34 ", Sold ,C0137,Individual,Russell,Gross,48,46-55,1959,11,25,M,USA,California,Home,5,No,Website
4011,4,2007,11,Apartment,11,794.52," $201,518.89 ", Sold ,C0137,Individual,Russell,Gross,48,46-55,1959,11,25,M,USA,California,Home,5,No,Website
3035,3,2007,12,Apartment,35,781.07," $269,278.57 ", Sold ,C0155,Individual,Laurel,Benitez,48,46-55,1959,8,6,M,USA,California,Home,4,Yes,Agency
3037,3,2007,12,Apartment,37,720.81," $204,808.16 ", Sold ,C0163,Individual,Aniyah,Ali,48,46-55,1959,11,3,F,USA,California,Investment,2,Yes,Website
2032,2,2006,8,Apartment,32,927.83," $306,878.46 ", Sold ,C0039,Individual,Derick,Li,49,46-55,1957,3,20,M,USA,California,Home,3,Yes,Agency
2018,2,2007,2,Apartment,18,927.83," $275,394.25 ", Sold ,C0071,Individual,Cole,Taylor,49,46-55,1958,12,6,M,USA,California,Home,3,Yes,Website
2035,2,2007,5,Apartment,35,785.48," $192,092.24 ", Sold ,C0101,Individual,Ava,Phelps,49,46-55,1958,4,15,F,USA,California,Home,3,No,Client
5025,5,2008,12,Apartment,25,618.16," $165,430.28 ", Sold ,C0146,Individual,Nyla,Blake,49,46-55,1959,6,5,F,USA,California,Investment,5,Yes,Agency
2029,2,2006,9,Apartment,29,1109.25," $310,223.29 ", Sold ,C0051,Individual,Conner,Huff,50,46-55,1956,3,13,M,USA,California,Home,5,No,Website
3007,3,2006,10,Apartment,7,720.70," $231,552.33 ", Sold ,C0052,Individual,Tristian,Fuller,50,46-55,1956,3,13,M,USA,California,Investment,5,No,Agency
3030,3,2006,10,Apartment,30,720.81," $215,774.28 ", Sold ,C0052,Individual,Tristian,Fuller,50,46-55,1956,3,13,M,USA,California,Home,5,No,Agency
2003,2,2006,12,Apartment,3,927.08," $289,727.99 ", Sold ,C0063,Individual,Piotr,Aleksandrov,51,46-55,1955,12,2,M,Russia,,Investment,3,No,Agency
5039,5,2008,5,Apartment,39,798.28," $195,874.94 ", Sold ,C0088,Individual,Yurem,Wright,51,46-55,1957,3,6,M,USA,California,Home,3,Yes,Website
5030,5,2010,5,Apartment,30,1057.92," $357,538.20 ", Sold ,C0094,Individual,Luis,Crane,51,46-55,1959,4,20,M,USA,Nevada,Home,3,Yes,Website
3041,3,2008,1,Apartment,41,781.07," $239,248.75 ", Sold ,C0165,Individual,Anahi,Curry,51,46-55,1957,9,9,M,USA,California,Home,5,Yes,Client
2057,2,2006,9,Apartment,57,1396.86," $382,277.15 ", Sold ,C0044,Individual,Ramiro,Oneill,52,46-55,1954,9,29,M,USA ,California,Home,4,No,Agency
4028,4,2007,2,Apartment,28,794.52," $248,422.66 ", Sold ,C0157,Individual,Erika,Steward,52,46-55,1955,8,7,F,USA,California,Investment,4,No,Website
3032,3,2007,8,Apartment,32,923.21," $242,740.66 ", Sold ,C0118,Individual,Dangelo,Shea,53,46-55,1954,2,27,M,Belgium,Arizona,Investment,4,No,Website
3013,3,2007,8,Apartment,13,781.07," $253,025.78 ", Sold ,C0119,Individual,Miguel,Walter,53,46-55,1954,1,7,M,USA,Arizona,Home,4,No,Agency
1040,1,2006,4,Apartment,40,782.25," $234,172.39 ", Sold ,C0033,Individual,Alanna,Hess,54,46-55,1952,6,19,F,USA,Nevada,Home,3,No,Website
4031,4,2007,6,Apartment,31,733.19," $200,678.75 ", Sold ,C0100,Individual,Simon,Bennett,54,46-55,1953,6,9,M,USA,Colorado,Home,4,No,Website
4019,4,2007,12,Apartment,19,733.19," $226,578.51 ", Sold ,C0133,Individual,Ivan,Bright,54,46-55,1953,9,15,M,USA,California,Home,4,No,Website
4029,4,2007,11,Apartment,29,794.52," $200,148.89 ", Sold ,C0175,Individual,Madeline,Michael,54,46-55,1953,7,30,F,USA,California,Home,4,Yes,Website
1021,1,2004,10,Apartment,21,756.21," $218,585.92 ", Sold ,C0008,Individual,Arthur,Bray,55,46-55,1949,7,14,M,USA,Utah,Investment,4,No,Agency
1006,1,2005,8,Apartment,6,736.63," $198,841.70 ", Sold ,C0023,Individual,Bennett,Chen,55,46-55,1950,7,18,M,USA,Nevada,Home,2,No,Website
2034,2,2007,7,Apartment,34,785.48," $252,927.84 ", Sold ,C0108,Individual,Van,Charles,55,46-55,1952,5,15,M,USA,Colorado,Home,2,Yes,Client
3021,3,2007,7,Apartment,21,781.07," $225,290.22 ", Sold ,C0109,Individual,Rachel,Cross,55,46-55,1952,6,18,F,USA,California,Home,3,No,Website
5021,5,2008,12,Apartment,21,798.28," $234,750.59 ", Sold ,C0145,Individual,Augustus,Hinton,55,46-55,1953,2,3,M,USA,Nevada,Investment,2,No,Website
5022,5,2008,12,Apartment,22,798.28," $287,466.41 ", Sold ,C0145,Individual,Augustus,Hinton,55,46-55,1953,2,3,M,USA,Nevada,Investment,2,No,Website
1044,1,2004,6,Apartment,44,827.87," $229,464.71 ", Sold ,C0003,Individual,Avah,Huang,56,56-65,1948,4,23,F,USA,California,Home,5,No,Website
1043,1,2004,6,Apartment,43,1160.36," $377,313.56 ", Sold ,C0004,Individual,Nora,Lynch,56,56-65,1948,4,23,F,USA,California,Home,5,No,Website
1027,1,2005,8,Apartment,27,827.87," $276,759.18 ", Sold ,C0024,Individual,Irvin,Ellis,56,56-65,1949,11,14,M,USA,California,Home,3,No,Agency
2023,2,2005,12,Apartment,23,723.83," $219,373.41 ", Sold ,C0030,Individual,Aiyana,Christensen,56,56-65,1949,1,16,F,USA,California,Investment,3,No,Website
5046,5,2007,11,Apartment,46,798.28," $230,216.22 ", Sold ,C0147,Individual,Parker,Poole,56,56-65,1951,11,10,M,USA,California,Home,5,No,Website
1002,1,2004,3,Office,2,1238.58," $410,932.67 ", Sold ,C0002,Individual,Jack,Anderson,57,56-65,1947,2,13,M,USA,California,Investment,5,Yes,Website
2030,2,2005,12,Apartment,30,723.83," $214,341.34 ", Sold ,C0031,Individual,Cedric,Goodwin,57,56-65,1948,2,20,M,USA,Utah,Home,4,No,Client
3050,3,2006,11,Apartment,50,977.87," $248,274.31 ", Sold ,C0059,Individual,Elena,Petrova,57,56-65,1949,6,22,F,Russia,,Home,3,Yes,Agency
5050,5,2007,11,Apartment,50,1093.00," $390,494.27 ", Sold ,C0140,Individual,Aniya,Miller,57,56-65,1950,15,2,F,USA,Nevada,Home,3,No,Website
2039,2,2006,8,Apartment,39,927.83," $293,876.27 ", Sold ,C0043,Individual,Kayley,Nielsen,59,56-65,1947,4,27,F,USA,Arizona,Home,4,Yes,Website
2008,2,2007,3,Apartment,8,701.66," $204,286.67 ", Sold ,C0078,Individual,Zaiden,Merritt,59,56-65,1948,2,23,M,USA,Wyoming,Home,3,No,Agency
3019,3,2007,9,Apartment,19,680.57," $230,154.53 ", Sold ,C0124,Individual,Sonia,Choi,59,56-65,1948,11,9,F,USA,Oregon,Investment,5,No,Agency
2015,2,2006,9,Apartment,15,723.93," $228,170.03 ", Sold ,C0049,Individual,Trey,Strong,48,46-55,1958,12,20,M,USA,California,Home,4,No,Agency
2033,2,2006,9,Apartment,33,649.80," $205,085.40 ", Sold ,C0049,Individual,Trey,Strong,48,46-55,1958,12,20,M,USA,California,Home,3,No,Agency
2019,2,2007,3,Apartment,19,649.80," $177,555.06 ", Sold ,C0079,Individual,Xavier,Faulkner,60,56-65,1947,5,24,M,Canada,,Investment,5,No,Website
2021,2,2007,4,Apartment,21,785.48," $217,748.48 ", Sold ,C0079,Individual,Xavier,Faulkner,60,56-65,1947,5,24,M,Canada,,Investment,5,No,Website
2027,2,2007,4,Apartment,27,785.48," $247,739.44 ", Sold ,C0079,Individual,Xavier,Faulkner,60,56-65,1947,5,24,M,Canada,,Investment,5,No,Website
2052,2,2007,3,Apartment,52,1615.29," $484,458.03 ", Sold ,C0079,Individual,Xavier,Faulkner,60,56-65,1947,5,24,M,Canada,,Investment,5,No,Website
3006,3,2007,2,Apartment,6,1132.06," $356,506.37 ", Sold ,C0079,Individual,Xavier,Faulkner,60,56-65,1947,5,24,M,Canada,,Investment,5,No,Website
3044,3,2007,3,Apartment,44,720.38," $197,869.36 ", Sold ,C0079,Individual,Xavier,Faulkner,60,56-65,1947,5,24,M,Canada,,Investment,5,No,Website
4025,4,2007,12,Apartment,25,733.19," $236,608.95 ", Sold ,C0079,Individual,Xavier,Faulkner,60,56-65,1947,5,24,M,Canada,,Investment,5,No,Website
1015,1,2004,11,Apartment,15,782.25," $208,930.81 ", Sold ,C0013,Individual,Franklin,Mack,61,56-65,1943,6,18,M,USA,Virginia,Home,5,Yes,Website
5041,5,2007,11,Apartment,41,798.28," $263,123.42 ", Sold ,C0139,Individual,Logan,Simmons,61,56-65,1946,9,14,M,USA,California,Investment,4,No,Agency
5036,5,2007,11,Apartment,36,1057.92," $286,433.57 ", Sold ,C0154,Individual,Sidney,Cline,64,56-65,1943,7,24,F,USA,California,Home,4,Yes,Website
2037,2,2006,9,Apartment,37,723.83," $229,581.78 ", Sold ,C0045,Individual,Matilda,Madden,65,56-65,1941,3,3,F,USA,Colorado,Home,3,No,Agency
5034,5,2007,10,Apartment,34,798.28," $252,053.03 ", Sold ,C0134,Individual,Yesenia,Marquez,65,56-65,1942,7,23,F,USA,Arizona,Home,4,No,Website
4016,4,2007,11,Apartment,16,794.52," $244,820.67 ", Sold ,C0138,Individual,Colin,Campos,65,56-65,1942,4,14,M,USA,California,Home,3,No,Website
4040,4,2007,12,Apartment,40,794.52," $241,620.48 ", Sold ,C0158,Individual,Erika,Gallagher,65,56-65,1942,7,19,F,USA,California,Home,1,Yes,Website
1024,1,2006,6,Apartment,24,782.25," $235,762.34 ", Sold ,C0036,Individual,Jair,Johns,66,65+,1940,3,5,M,USA,California,Home,5,No,Website
2013,2,2007,3,Apartment,13,785.48," $236,639.56 ", Sold ,C0074,Individual,Jaylynn,Hickman,66,65+,1941,8,19,F,USA,California,Home,5,No,Client
3010,3,2007,8,Apartment,10,923.21," $294,807.65 ", Sold ,C0120,Individual,Jack,Hanson,66,65+,1941,12,1,M,USA,California,Investment,4,No,Website
3018,3,2007,8,Apartment,18,923.21," $293,828.69 ", Sold ,C0120,Individual,Jack,Hanson,66,65+,1941,12,1,M,USA,California,Investment,5,No,Website
1033,1,2004,8,Apartment,33,1434.09," $412,856.56 ", Sold ,C0005,Individual,Rodolfo,Gibson,67,65+,1937,1,20,M,USA,Nevada,Home,2,Yes,Website
1016,1,2006,2,Apartment,16,782.25," $224,076.84 ", Sold ,C0032,Individual,Olivia,Oconnell,67,65+,1939,9,3,F,USA,California,Investment,5,No,Website
3005,3,2006,3,Apartment,5,781.07," $258,015.61 ", Sold ,C0126,Individual,Crystal,Wyatt,67,65+,1939,6,30,F,USA,Oregon,Investment,3,Yes,Website
5019,5,2007,6,Apartment,19,618.38," $153,466.71 ", Sold ,C0106,Individual,Ruben,Melton,68,65+,1939,3,5,M,USA,Utah,Investment,2,No,Agency
3002,3,2007,8,Apartment,2,923.21," $261,871.70 ", Sold ,C0115,Individual,Issac,Edwards,69,65+,1938,10,29,M,USA,California,Home,5,No,Website
3004,3,2007,8,Apartment,4,781.07," $210,038.70 ", Sold ,C0115,Individual,Issac,Edwards,69,65+,1938,10,29,M,USA,California,Home,5,No,Website
3012,3,2007,10,Apartment,12,781.07," $210,824.06 ", Sold ,C0129,Individual,Jesus,Obrien,69,65+,1938,6,9,M,USA,Oregon,Investment,3,No,Website
3048,3,2007,10,Apartment,48,781.07," $249,075.66 ", Sold ,C0129,Individual,Jesus,Obrien,69,65+,1938,6,9,M,USA,Oregon,Investment,3,No,Website
3008,3,2007,6,Apartment,8,697.89," $219,865.76 ", Sold ,C0103,Individual,Jamal,Mueller,71,65+,1936,8,13,M,USA,Oregon,Investment,2,No,Website
3040,3,2007,6,Apartment,40,670.89," $204,292.49 ", Sold ,C0103,Individual,Jamal,Mueller,71,65+,1936,8,13,M,USA,Oregon,Investment,2,No,Website
1023,1,2005,4,Apartment,23,782.25," $261,579.89 ", Sold ,C0021,Individual,Kaylin,Villarreal,73,65+,1932,6,13,F,Russia,,Investment,3,No,Website
3009,3,2006,5,Apartment,9,743.41," $222,867.42 ", Sold ,C0148,Individual,Myah,Roman,73,65+,1933,5,5,F,USA,California,Investment,5,Yes,Agency
3052,3,2006,3,Apartment,52,923.21," $291,494.36 ", Sold ,C0172,Individual,Henry,Kennedy,73,65+,1933,6,8,M,USA,California,Home,4,Yes,Agency
3025,3,2007,6,Apartment,25,923.21," $296,483.14 ", Sold ,C0104,Individual,Diana,Hunt,76,65+,1931,2,13,F,USA,Arizona,Home,3,No,Website
5052,5,,,Apartment,52,1769.48," $532,877.38 ",,,,,, ,,,,,,,,,,,
1005,1,2004,3,Office,5,410.71," $117,564.07 ", Sold ,C0001,Firm,Kamd,Co,N/A,N/A,N/A,,,N/A,USA,California,Investment,5,No,Agency
1009,1,2004,11,Office,9,1200.82," $317,196.40 ", Sold ,C0012,Firm,Bridger CAL,Co,N/A,N/A,N/A,,,N/A,USA,Nevada,Investment,5,No,Website
1009,1,2004,11,Office,10,800.96," $264,142.16 ", Sold ,C0012,Firm,Bridger CAL,Co,N/A,N/A,N/A,,,N/A,USA,Nevada,Investment,4,No,Website
1011,1,2005,9,Office,11,827.87," $222,947.21 ", Sold ,C0025,Firm,Abdiel,Co,N/A,N/A,N/A,,,N/A,USA,Nevada,Investment,5,Yes,Website
1007,1,2005,12,Apartment,7,775.69," $250,312.53 ", Sold ,C0029,Firm,Kenyon,Co,N/A,N/A,N/A,,,N/A,USA,Nevada,Investment,1,Yes,Website
1008,1,2005,12,Office,8,775.69," $246,050.40 ", Sold ,C0029,Firm,Kenyon,Co,N/A,N/A,N/A,,,N/A,USA,California,Investment,1,Yes,Website
2038,2,2006,10,Apartment,38,1604.75," $529,317.28 ", Sold ,C0055,Firm,Kylax,Co,N/A,N/A,N/A,,,N/A,USA,California,Investment,5,No,Website
2001,2,2004,3,Apartment,1,587.28," $169,158.29 ", Sold ,C0121,Firm,Esther,Co,N/A,N/A,N/A,,,N/A,USA,California,Home,3,Yes,Website
1013,1,2005,7,Apartment,13,756.21," $206,958.71 ", Sold ,C0174,Firm,Marleez,Co,N/A,N/A,N/A,,,N/A,USA ,California,Investment,5,No,Website
1014,1,2005,7,Apartment,14,743.09," $206,445.42 ", Sold ,C0174,Firm,Marleez,Co,N/A,N/A,N/A,,,N/A,USA ,California,Investment,5,No,Website
1019,1,2005,7,Apartment,19,827.87," $239,341.58 ", Sold ,C0174,Firm,Marleez,Co,N/A,N/A,N/A,,,N/A,USA ,California,Investment,5,No,Website
1020,1,2005,7,Apartment,20,1160.36," $398,903.42 ", Sold ,C0174,Firm,Marleez,Co,N/A,N/A,N/A,,,N/A,USA ,California,Investment,5,No,Website
1022,1,2005,7,Apartment,22,743.09," $210,745.17 ", Sold ,C0174,Firm,Marleez,Co,N/A,N/A,N/A,,,N/A,USA ,California,Investment,5,No,Website
1028,1,2005,7,Apartment,28,1160.36," $331,154.88 ", Sold ,C0174,Firm,Marleez,Co,N/A,N/A,N/A,,,N/A,USA ,California,Investment,5,No,Website
1034,1,2005,7,Apartment,34,625.80," $204,434.68 ", Sold ,C0174,Firm,Marleez,Co,N/A,N/A,N/A,,,N/A,USA ,California,Investment,5,No,Website
1037,1,2005,7,Apartment,37,756.21," $189,194.31 ", Sold ,C0174,Firm,Marleez,Co,N/A,N/A,N/A,,,N/A,USA ,California,Investment,5,No,Website
1042,1,2005,7,Apartment,42,625.80," $204,027.09 ", Sold ,C0174,Firm,Marleez,Co,N/A,N/A,N/A,,,N/A,USA ,California,Investment,5,No,Website
